firstname;lastname;age;phone;address
Horst;Shellard;38;+63 (533) 516-5818;648 Dottie Pass
Pauly;Mathevet;46;+371 (489) 414-7161;8 Heffernan Alley
Brooks;McKinn;87;+86 (785) 444-7340;25206 Messerschmidt Center
Olivie;Thombleson;111;+420 (733) 723-9569;68796 Tennessee Junction
Carmencita;Leftbridge;93;+44 (386) 944-0442;075 Florence Junction
Charlton;Minnis;70;+62 (328) 144-1414;8597 Blaine Hill
Nataniel;Scogings;81;+66 (861) 129-9517;92 Kipling Point
Nikolas;Fuge;46;+254 (334) 578-5853;5 Gale Center
Euphemia;Vandenhoff;53;+86 (823) 246-1885;850 Corscot Park
Vaughn;Spyer;98;+63 (518) 321-8002;850 Green Ridge Terrace
Darlene;Beacock;59;+81 (572) 432-7113;6 Bluejay Hill
Moira;Bollans;89;+351 (175) 436-3636;7883 Norway Maple Terrace
Chico;Brophy;81;+963 (984) 887-2896;1 Waywood Drive
Casandra;Lithgow;92;+385 (879) 259-9095;46912 New Castle Avenue
Talbert;Cayton;112;+52 (477) 365-4091;78563 Dakota Road
Lilly;Presnail;75;+62 (399) 302-3826;9 Summit Lane
Gene;Brabyn;48;;0172 Memorial Way
Tillie;Gallyhaock;102;+47 (155) 434-9726;0373 Schiller Point
Haily;Al Hirsi;91;+62 (669) 229-9417;452 Valley Edge Pass
Winonah;Eake;40;+63 (944) 941-8140;7226 Longview Point
Aurthur;Sawbridge;36;+502 (556) 480-6603;3 South Terrace
Dianne;Filipson;68;+34 (841) 171-7562;8 Sycamore Avenue
Jacquette;Kennett;66;+962 (677) 617-9058;34 Pierstorff Parkway
Quintina;Tiddeman;83;+31 (903) 634-0110;9 Heath Plaza
Scot;Form;30;+381 (250) 551-9003;94267 Portage Pass
Cam;Bedwell;86;+86 (953) 589-9228;3509 Melody Road
Honor;Giraudy;46;+86 (800) 873-9725;63810 Manitowish Parkway
Swen;Dodgshon;77;+229 (863) 525-8678;366 West Terrace
Suzanne;Crimp;46;;2 Scofield Street
Thornie;Spillard;73;+502 (211) 645-3456;714 Arkansas Way
Lisetta;Eberdt;89;+86 (224) 180-4851;1 Hoard Point
Dione;Rawson;78;+223 (803) 678-5758;31008 Fulton Lane
Analise;Brounsell;54;+86 (264) 716-6497;101 Fulton Pass
Ina;Champerlen;33;+46 (132) 693-5119;9704 Weeping Birch Parkway
Shena;Fancett;116;+62 (208) 665-7990;5505 Dryden Crossing
Randa;Frowde;21;+970 (703) 431-6314;63 Laurel Alley
Barbette;Offer;50;+86 (116) 911-6815;297 Emmet Junction
Arin;Scammell;63;+7 (284) 825-3484;963 Lyons Parkway
Jacinta;Stut;33;+380 (851) 250-9198;10232 Rockefeller Junction
Bradford;Eingerfield;108;+86 (578) 207-4706;801 Ludington Way
Layla;Klink;60;+960 (200) 899-5159;5 Becker Park
Henry;Guichard;110;;29098 Daystar Road
Farrah;Syratt;46;+226 (406) 586-9308;760 Banding Avenue
Linnell;Cockayme;84;;53 Jackson Court
Alistair;Shropsheir;83;+54 (752) 133-1036;98943 Farwell Plaza
Ava;Plet;99;+27 (143) 942-8492;1315 Mosinee Way
Germaine;Gatcliff;64;+66 (238) 764-9829;58 Logan Drive
Joelle;Widdecombe;109;+62 (898) 579-6777;592 Riverside Circle
Carrie;Vautre;79;+51 (818) 542-9067;026 Talmadge Junction
Mabelle;Bentall;82;+229 (971) 715-6628;427 Superior Drive
Sumner;Slidders;79;+56 (947) 816-5647;6 Lien Park
Turner;Diboll;69;+53 (993) 333-8308;8 Morning Center
Rosaline;Wilder;72;+63 (584) 410-2793;335 Loftsgordon Parkway
Genny;O'Roan;31;;93140 School Court
Laura;Ferrelli;113;+218 (760) 932-1008;8 Fremont Way
Tris;Setchfield;57;+358 (403) 872-3801;9 Almo Point
Kathi;Gover;104;+61 (210) 288-9304;30 Miller Hill
Viki;Gutridge;20;+81 (888) 921-5603;6070 Truax Point
Dale;Farraway;104;+46 (679) 592-5205;1857 Raven Avenue
Henderson;Brouard;59;+30 (686) 172-2163;08 Forster Place
Caddric;Latty;105;+33 (874) 487-1742;644 Annamark Center
El;Mearns;118;;203 Onsgard Hill
Carilyn;Cunnell;83;+52 (831) 836-2143;2 Springs Circle
Coralyn;Filchagin;67;;2071 Prentice Court
Bradley;Pearmain;39;+233 (961) 362-1339;828 Grasskamp Center
Celestine;Verchambre;31;;71 Johnson Trail
Marlow;Gradon;69;+86 (946) 281-8110;3522 Rutledge Parkway
Bordy;Flacknoe;21;+33 (796) 287-4773;94 Derek Lane
Rosalynd;Castagne;98;+62 (984) 620-1524;92 Clarendon Parkway
Otha;Bindon;112;+62 (851) 573-3749;03 Butternut Junction
Hollis;Audiss;23;+1 (817) 686-9530;3109 Prentice Trail
Gwennie;Dungay;109;+46 (740) 471-1883;48 Delladonna Junction
Odella;Hatch;99;+358 (385) 809-3179;39464 Elmside Pass
Claudian;Porch;62;+62 (624) 997-9652;7739 Fairfield Junction
Juanita;Ughi;26;+57 (924) 825-7660;5 Drewry Way
Chiquia;Putten;97;+1 (626) 212-4331;787 Dwight Lane
Arny;Jacop;83;+86 (120) 464-0263;622 Dryden Place
Dorolisa;Scedall;60;+33 (763) 444-8179;470 Michigan Park
Andras;Assandri;68;+86 (265) 988-5888;21814 Sachtjen Drive
Sharla;Cordingley;37;+55 (616) 511-9792;8098 John Wall Parkway
Linea;Munehay;108;+968 (331) 925-7188;88 Clove Court
Sarita;Sipson;94;+420 (514) 611-8660;2115 Buell Street
Megen;Faill;66;+1 (353) 573-6620;5 Manufacturers Avenue
Philippine;Stonnell;88;+233 (804) 713-8478;8 Caliangt Center
Mureil;McMullen;74;+7 (573) 148-8891;2341 Laurel Avenue
Britteny;Friberg;46;;9290 8th Center
Berri;Oldland;28;+53 (857) 260-4680;1 Pleasure Point
Tommy;Jamme;63;+46 (961) 380-3090;205 Karstens Street
Nate;Maskrey;41;+57 (322) 197-3582;069 Dwight Park
Sheff;Belfitt;93;+86 (584) 675-2020;0 Carpenter Place
Mead;Franks;64;+7 (707) 269-2848;854 Riverside Plaza
Lynnet;Arson;29;+27 (591) 333-1117;46 Bay Lane
Roldan;Donalson;87;+33 (583) 931-8091;71 Harbort Junction
Catriona;Duerden;45;+351 (642) 916-6245;4044 John Wall Park
El;Anfrey;85;+48 (916) 264-7240;05705 Arizona Crossing
Flynn;Tester;54;+93 (995) 684-3769;56 Sachs Place
Grover;Gallyon;104;+62 (935) 455-0449;2617 Scofield Parkway
Gauthier;Llorens;103;+86 (569) 433-5513;55 Artisan Court
Mayor;Ferrarin;54;+62 (258) 226-4566;9027 Moulton Way
Gran;Alsobrook;105;+961 (622) 447-4410;26697 Chive Avenue
Mona;MacRinn;58;+66 (279) 226-9728;353 Autumn Leaf Place
Cherianne;Mahony;90;+33 (771) 426-5303;74 Mallory Street
Von;Cunrado;82;+1 (781) 928-6037;78600 Garrison Alley
Skipper;Wimlet;54;+51 (996) 927-0511;4 Saint Paul Court
Ruddie;Casetta;61;+1 (901) 351-7620;01203 Melrose Pass
Garnet;Kemmons;68;+86 (185) 598-6158;797 Cody Center
Angelita;Artis;76;+62 (116) 492-3883;71 Daystar Lane
Rupert;Skerm;35;+62 (917) 337-9346;5 Continental Avenue
Ardene;Berthomier;43;+1 (368) 634-9878;69 Raven Lane
Milka;Ellen;62;+62 (599) 300-7949;7362 Butternut Plaza
Malachi;Yitzhak;109;+7 (215) 199-9869;8806 Melvin Circle
Fania;Westwater;42;;24513 Talmadge Terrace
Tresa;Chatenet;93;+60 (435) 947-8254;5 Tennessee Pass
Stavros;Mafham;41;;35 Hauk Hill
Gretta;Glew;117;+374 (273) 934-4858;68264 Sugar Plaza
Jayne;McGougan;76;+55 (951) 921-9586;97044 Springview Point
Marlin;Forsey;87;+385 (689) 793-1894;22 Elmside Pass
Shandee;Borman;73;+81 (892) 857-9702;624 Golden Leaf Junction
Aaren;Willoughby;66;+86 (885) 712-2751;7573 Oriole Road
Malorie;Chattoe;45;+55 (856) 470-4982;9859 Redwing Terrace
Maure;Pail;46;+86 (798) 632-6926;7 Rieder Street
Darline;Docharty;75;+33 (256) 483-8978;123 New Castle Terrace
Moise;MacPadene;29;+355 (981) 294-9428;9822 Sunnyside Parkway
Jobye;Wordsworth;92;+53 (439) 957-1046;0 Twin Pines Lane
Joyous;Storek;101;+255 (246) 385-0821;58132 Reindahl Terrace
Cassandra;Belli;102;+63 (587) 735-7383;67 Graedel Lane
Korie;Telezhkin;73;+389 (934) 754-7987;3 Hallows Trail
Lazare;Spall;99;+386 (333) 202-3305;523 South Park
Drucie;Cowle;84;+62 (119) 731-3485;384 Continental Junction
Lorine;Northley;82;+86 (436) 508-8354;9 Melby Plaza
Chanda;Jilkes;85;+86 (645) 591-7814;2228 Artisan Hill
Cordula;Streeting;58;+63 (893) 339-2183;9279 Meadow Vale Terrace
Egbert;Bruin;97;+242 (481) 266-6070;7495 Artisan Court
Hilliard;Neal;105;+7 (686) 181-1495;65993 Victoria Circle
Kai;Fensome;78;+504 (998) 789-8460;48827 Ohio Park
Justinian;Magarrell;83;+389 (246) 587-6531;9 Cambridge Crossing
Oona;Stubbings;80;+502 (742) 740-0084;4 Sundown Parkway
Meridel;Papps;40;+48 (382) 799-0135;7349 Waywood Pass
Rand;Huggon;48;+880 (925) 375-0619;9 Veith Alley
Sheela;Stradling;71;+62 (675) 337-3067;862 Tony Plaza
Thea;Caughtry;103;+86 (477) 415-4446;74 Mockingbird Circle
Powell;Winley;34;+386 (233) 847-9322;98836 Crest Line Avenue
Arleta;Romain;66;+86 (448) 479-7668;44343 Dottie Way
Wenona;Faircliffe;56;+55 (143) 762-2156;1 Vera Hill
Shaine;Southgate;45;+36 (485) 240-2056;0 Starling Avenue
Rolfe;Cashell;26;+48 (508) 817-0503;29630 Meadow Valley Lane
Barbabra;Stag;58;+7 (807) 296-7195;46 Saint Paul Avenue
Sasha;Vela;95;;63 Claremont Junction
Shaylah;Ayrton;61;+33 (775) 550-7602;15 Loftsgordon Street
Dasie;Puxley;80;+62 (449) 183-2741;3549 Blue Bill Park Point
